"YEAR","age_category","HIV_population","denominator"
"2005","0 years","Negative","1007714.26"
"2005","0 years","Positive","  43904.74"
"2005","1 years","Negative","915962.29"
"2005","1 years","Positive"," 34753.71"
"2005","2 years","Negative","876641.84"
"2005","2 years","Positive"," 34684.16"
"2005","3 years","Negative","869345.01"
"2005","3 years","Positive"," 33149.99"
"2005","4 years","Negative","860584.61"
"2005","4 years","Positive"," 30621.39"
"2005","5 - 9 years","Negative","4466606.2"
"2005","5 - 9 years","Positive"," 113671.8"
"2005","10 - 14 years","Negative","4767519.52"
"2005","10 - 14 years","Positive","  40367.48"
"2005","15 - 19 years","Negative","4911675.5"
"2005","15 - 19 years","Positive"," 188542.5"
"2005","20 - 24 years","Negative","4073167"
"2005","20 - 24 years","Positive"," 807742"
"2005","25 - 29 years","Negative","3118072"
"2005","25 - 29 years","Positive"," 989945"
"2005","30 - 34 years","Negative","2822809"
"2005","30 - 34 years","Positive"," 838206"
"2005","35 - 39 years","Negative","2542531.1"
"2005","35 - 39 years","Positive"," 616717.9"
"2005","40 - 44 years","Negative","2387609.6"
"2005","40 - 44 years","Positive"," 456037.4"
"2005","45 - 49 years","Negative","2067375.9"
"2005","45 - 49 years","Positive"," 292394.1"
"2005","50 - 54 years","Negative","1707877.4"
"2005","50 - 54 years","Positive"," 160950.6"
"2005","55 - 59 years","Negative","1350150.61"
"2005","55 - 59 years","Positive","  74225.39"
"2005","60 - 64 years","Negative","1033873.09"
"2005","60 - 64 years","Positive","  27820.31"
"2005","65 - 69 years","Negative","881164.39"
"2005","65 - 69 years","Positive"," 10349.61"
"2005","70 - 74 years","Negative","639908.588"
"2005","70 - 74 years","Positive","  3077.512"
"2005","75 - 79 years","Negative","451068.5629"
"2005","75 - 79 years","Positive","   929.4371"
"2005","80 - 84 years","Negative","249060.7555"
"2005","80 - 84 years","Positive","   255.8445"
"2005","85 - 89 years","Negative","141787.50913"
"2005","85 - 89 years","Positive","    86.83087"
"2005","90+ years","Negative","48797.41112"
"2005","90+ years","Positive","   22.88888"
"2006","0 years","Negative","1038387.63"
"2006","0 years","Positive","  42297.37"
"2006","1 years","Negative","982394.1"
"2006","1 years","Positive"," 36131.9"
"2006","2 years","Negative","904787.39"
"2006","2 years","Positive"," 34252.61"
"2006","3 years","Negative","870577.4"
"2006","3 years","Positive"," 33181.6"
"2006","4 years","Negative","864736.26"
"2006","4 years","Positive"," 31548.74"
"2006","5 - 9 years","Negative","4398635.6"
"2006","5 - 9 years","Positive"," 122635.4"
"2006","10 - 14 years","Negative","4709384.74"
"2006","10 - 14 years","Positive","  50906.26"
"2006","15 - 19 years","Negative","4884385.9"
"2006","15 - 19 years","Positive"," 176742.1"
"2006","20 - 24 years","Negative","4210367.2"
"2006","20 - 24 years","Positive"," 793269.8"
"2006","25 - 29 years","Negative","3164904"
"2006","25 - 29 years","Positive","1021086"
"2006","30 - 34 years","Negative","2825388.2"
"2006","30 - 34 years","Positive"," 889318.8"
"2006","35 - 39 years","Negative","2532590.3"
"2006","35 - 39 years","Positive"," 653123.7"
"2006","40 - 44 years","Negative","2395035.1"
"2006","40 - 44 years","Positive"," 483380.9"
"2006","45 - 49 years","Negative","2105640.7"
"2006","45 - 49 years","Positive"," 315926.3"
"2006","50 - 54 years","Negative","1754926.8"
"2006","50 - 54 years","Positive"," 177917.2"
"2006","55 - 59 years","Negative","1404493.66"
"2006","55 - 59 years","Positive","  84628.34"
"2006","60 - 64 years","Negative","1053711"
"2006","60 - 64 years","Positive","  31997"
"2006","65 - 69 years","Negative","897171.02"
"2006","65 - 69 years","Positive"," 11854.68"
"2006","70 - 74 years","Negative","652782.0"
"2006","70 - 74 years","Positive","  3547.2"
"2006","75 - 79 years","Negative","466545.886"
"2006","75 - 79 years","Positive","  1047.914"
"2006","80 - 84 years","Negative","255934.5236"
"2006","80 - 84 years","Positive","   280.1764"
"2006","85 - 89 years","Negative","144900.02998"
"2006","85 - 89 years","Positive","    91.91002"
"2006","90+ years","Negative","53839.21619"
"2006","90+ years","Positive","   25.88381"
"2007","0 years","Negative","1071981.91"
"2007","0 years","Positive","  39273.09"
"2007","1 years","Negative","1016240.25"
"2007","1 years","Positive","  35303.75"
"2007","2 years","Negative","973412.33"
"2007","2 years","Positive"," 35765.67"
"2007","3 years","Negative","900007.79"
"2007","3 years","Positive"," 32959.21"
"2007","4 years","Negative","866643.8"
"2007","4 years","Positive"," 31762.2"
"2007","5 - 9 years","Negative","4327089.6"
"2007","5 - 9 years","Positive"," 130049.4"
"2007","10 - 14 years","Negative","4676563.62"
"2007","10 - 14 years","Positive","  62798.38"
"2007","15 - 19 years","Negative","4873075.5"
"2007","15 - 19 years","Positive"," 168832.5"
"2007","20 - 24 years","Negative","4356499.1"
"2007","20 - 24 years","Positive"," 775606.9"
"2007","25 - 29 years","Negative","3281274"
"2007","25 - 29 years","Positive","1058789"
"2007","30 - 34 years","Negative","2831082.8"
"2007","30 - 34 years","Positive"," 939567.2"
"2007","35 - 39 years","Negative","2540650.4"
"2007","35 - 39 years","Positive"," 695722.6"
"2007","40 - 44 years","Negative","2392132.9"
"2007","40 - 44 years","Positive"," 510564.1"
"2007","45 - 49 years","Negative","2136138.4"
"2007","45 - 49 years","Positive"," 340022.6"
"2007","50 - 54 years","Negative","1796614.6"
"2007","50 - 54 years","Positive"," 195768.4"
"2007","55 - 59 years","Negative","1450169.66"
"2007","55 - 59 years","Positive","  95715.34"
"2007","60 - 64 years","Negative","1084244.85"
"2007","60 - 64 years","Positive","  37164.85"
"2007","65 - 69 years","Negative","901277.36"
"2007","65 - 69 years","Positive"," 13491.44"
"2007","70 - 74 years","Negative","668908.711"
"2007","70 - 74 years","Positive","  4143.789"
"2007","75 - 79 years","Negative","475286.686"
"2007","75 - 79 years","Positive","  1179.814"
"2007","80 - 84 years","Negative","267633.4721"
"2007","80 - 84 years","Positive","   313.5279"
"2007","85 - 89 years","Negative","147152.79706"
"2007","85 - 89 years","Positive","    96.25294"
"2007","90+ years","Negative","58267.63144"
"2007","90+ years","Positive","   28.46856"
"2008","0 years","Negative","1103386.36"
"2008","0 years","Positive","  34891.64"
"2008","1 years","Negative","1051122.56"
"2008","1 years","Positive","  33181.44"
"2008","2 years","Negative","1007517.82"
"2008","2 years","Positive","  34923.18"
"2008","3 years","Negative","968462.37"
"2008","3 years","Positive"," 34531.63"
"2008","4 years","Negative","896022.25"
"2008","4 years","Positive"," 31682.75"
"2008","5 - 9 years","Negative","4299722.7"
"2008","5 - 9 years","Positive"," 136570.3"
"2008","10 - 14 years","Negative","4612661.17"
"2008","10 - 14 years","Positive","  74535.83"
"2008","15 - 19 years","Negative","4849649"
"2008","15 - 19 years","Positive"," 164472"
"2008","20 - 24 years","Negative","4467966.3"
"2008","20 - 24 years","Positive"," 750865.7"
"2008","25 - 29 years","Negative","3435274"
"2008","25 - 29 years","Positive","1094937"
"2008","30 - 34 years","Negative","2834739.8"
"2008","30 - 34 years","Positive"," 987989.2"
"2008","35 - 39 years","Negative","2562273.2"
"2008","35 - 39 years","Positive"," 745397.8"
"2008","40 - 44 years","Negative","2381166.5"
"2008","40 - 44 years","Positive"," 539379.5"
"2008","45 - 49 years","Negative","2164356.2"
"2008","45 - 49 years","Positive"," 366669.8"
"2008","50 - 54 years","Negative","1837468"
"2008","50 - 54 years","Positive"," 215744"
"2008","55 - 59 years","Negative","1492680.1"
"2008","55 - 59 years","Positive"," 108265.9"
"2008","60 - 64 years","Negative","1125494.2"
"2008","60 - 64 years","Positive","  43640.4"
"2008","65 - 69 years","Negative","899545.1"
"2008","65 - 69 years","Positive"," 15450.5"
"2008","70 - 74 years","Negative","689527.649"
"2008","70 - 74 years","Positive","  4927.351"
"2008","75 - 79 years","Negative","480023.695"
"2008","75 - 79 years","Positive","  1345.805"
"2008","80 - 84 years","Negative","282294.8685"
"2008","80 - 84 years","Positive","   359.0315"
"2008","85 - 89 years","Negative","146166.454"
"2008","85 - 89 years","Positive","   100.396"
"2008","90+ years","Negative","62689.80584"
"2008","90+ years","Positive","   30.89416"
"2009","0 years","Negative","1114393.24"
"2009","0 years","Positive","  27094.76"
"2009","1 years","Negative","1083362.25"
"2009","1 years","Positive","  30519.75"
"2009","2 years","Negative","1042933.8"
"2009","2 years","Positive","  32762.2"
"2009","3 years","Negative","1002569.08"
"2009","3 years","Positive","  33756.92"
"2009","4 years","Negative","964355.24"
"2009","4 years","Positive"," 33287.76"
"2009","5 - 9 years","Negative","4324240.5"
"2009","5 - 9 years","Positive"," 141621.5"
"2009","10 - 14 years","Negative","4538100.07"
"2009","10 - 14 years","Positive","  86078.93"
"2009","15 - 19 years","Negative","4815448.1"
"2009","15 - 19 years","Positive"," 163511.9"
"2009","20 - 24 years","Negative","4548177.7"
"2009","20 - 24 years","Positive"," 722654.3"
"2009","25 - 29 years","Negative","3610676"
"2009","25 - 29 years","Positive","1124895"
"2009","30 - 34 years","Negative","2847997"
"2009","30 - 34 years","Positive","1036284"
"2009","35 - 39 years","Negative","2591344"
"2009","35 - 39 years","Positive"," 800860"
"2009","40 - 44 years","Negative","2367448.5"
"2009","40 - 44 years","Positive"," 570894.5"
"2009","45 - 49 years","Negative","2188448.2"
"2009","45 - 49 years","Positive"," 395679.8"
"2009","50 - 54 years","Negative","1876713.7"
"2009","50 - 54 years","Positive"," 237930.3"
"2009","55 - 59 years","Negative","1532738.5"
"2009","55 - 59 years","Positive"," 122484.5"
"2009","60 - 64 years","Negative","1172919.76"
"2009","60 - 64 years","Positive","  51485.64"
"2009","65 - 69 years","Negative","897152.56"
"2009","65 - 69 years","Positive"," 17885.94"
"2009","70 - 74 years","Negative","710766.324"
"2009","70 - 74 years","Positive","  5911.276"
"2009","75 - 79 years","Negative","483291.186"
"2009","75 - 79 years","Positive","  1563.514"
"2009","80 - 84 years","Negative","297567.0779"
"2009","80 - 84 years","Positive","   418.1221"
"2009","85 - 89 years","Negative","145194.7289"
"2009","85 - 89 years","Positive","   106.2211"
"2009","90+ years","Negative","66708.02324"
"2009","90+ years","Positive","   33.17676"
"2010","0 years","Negative","1105709.34"
"2010","0 years","Positive","  18662.66"
"2010","1 years","Negative","1095064.48"
"2010","1 years","Positive","  26634.52"
"2010","2 years","Negative","1075552.63"
"2010","2 years","Positive","  30689.37"
"2010","3 years","Negative","1038020.62"
"2010","3 years","Positive","  31887.38"
"2010","4 years","Negative","998407.95"
"2010","4 years","Positive"," 32678.05"
"2010","5 - 9 years","Negative","4414909.3"
"2010","5 - 9 years","Positive"," 146594.7"
"2010","10 - 14 years","Negative","4475707.18"
"2010","10 - 14 years","Positive","  97565.82"
"2010","15 - 19 years","Negative","4773902.4"
"2010","15 - 19 years","Positive"," 165254.6"
"2010","20 - 24 years","Negative","4605806.6"
"2010","20 - 24 years","Positive"," 693601.4"
"2010","25 - 29 years","Negative","3786745"
"2010","25 - 29 years","Positive","1143321"
"2010","30 - 34 years","Negative","2886342"
"2010","30 - 34 years","Positive","1086483"
"2010","35 - 39 years","Negative","2619394.1"
"2010","35 - 39 years","Positive"," 859297.9"
"2010","40 - 44 years","Negative","2358589.2"
"2010","40 - 44 years","Positive"," 606574.8"
"2010","45 - 49 years","Negative","2206468.2"
"2010","45 - 49 years","Positive"," 426454.8"
"2010","50 - 54 years","Negative","1913496.1"
"2010","50 - 54 years","Positive"," 262218.9"
"2010","55 - 59 years","Negative","1571868.8"
"2010","55 - 59 years","Positive"," 138533.2"
"2010","60 - 64 years","Negative","1220980.43"
"2010","60 - 64 years","Positive","  60651.07"
"2010","65 - 69 years","Negative","901287.22"
"2010","65 - 69 years","Positive"," 21020.68"
"2010","70 - 74 years","Negative","728070.097"
"2010","70 - 74 years","Positive","  7093.103"
"2010","75 - 79 years","Negative","488119.565"
"2010","75 - 79 years","Positive","  1855.535"
"2010","80 - 84 years","Negative","310594.2328"
"2010","80 - 84 years","Positive","   491.0672"
"2010","85 - 89 years","Negative","146161.4243"
"2010","85 - 89 years","Positive","   115.6757"
"2010","90+ years","Negative","69840.0561"
"2010","90+ years","Positive","   35.2439"
"2011","0 years","Negative","1115016.2"
"2011","0 years","Positive","  14021.8"
"2011","1 years","Negative","1087947.43"
"2011","1 years","Positive","  21054.57"
"2011","2 years","Negative","1087703.89"
"2011","2 years","Positive","  27820.11"
"2011","3 years","Negative","1070684.79"
"2011","3 years","Positive","  30234.21"
"2011","4 years","Negative","1033803"
"2011","4 years","Positive","  31118"
"2011","5 - 9 years","Negative","4552908.6"
"2011","5 - 9 years","Positive"," 150323.4"
"2011","10 - 14 years","Negative","4411110.7"
"2011","10 - 14 years","Positive"," 108171.3"
"2011","15 - 19 years","Negative","4728856.3"
"2011","15 - 19 years","Positive"," 168629.7"
"2011","20 - 24 years","Negative","4629716.2"
"2011","20 - 24 years","Positive"," 663369.8"
"2011","25 - 29 years","Negative","3962804"
"2011","25 - 29 years","Positive","1149641"
"2011","30 - 34 years","Negative","2960453"
"2011","30 - 34 years","Positive","1140431"
"2011","35 - 39 years","Negative","2641356.1"
"2011","35 - 39 years","Positive"," 919321.9"
"2011","40 - 44 years","Negative","2359611.8"
"2011","40 - 44 years","Positive"," 648610.2"
"2011","45 - 49 years","Negative","2217601.7"
"2011","45 - 49 years","Positive"," 459270.3"
"2011","50 - 54 years","Negative","1947111.4"
"2011","50 - 54 years","Positive"," 288997.6"
"2011","55 - 59 years","Negative","1610987.5"
"2011","55 - 59 years","Positive"," 156825.5"
"2011","60 - 64 years","Negative","1265964.35"
"2011","60 - 64 years","Positive","  71238.65"
"2011","65 - 69 years","Negative","916257.75"
"2011","65 - 69 years","Positive"," 25136.75"
"2011","70 - 74 years","Negative","738842.443"
"2011","70 - 74 years","Positive","  8500.157"
"2011","75 - 79 years","Negative","496351.675"
"2011","75 - 79 years","Positive","  2252.825"
"2011","80 - 84 years","Negative","319905.0049"
"2011","80 - 84 years","Positive","   581.1951"
"2011","85 - 89 years","Negative","149979.8334"
"2011","85 - 89 years","Positive","   130.9766"
"2011","90+ years","Negative","71866.13779"
"2011","90+ years","Positive","   37.26221"
"2012","0 years","Negative","1128958.25"
"2012","0 years","Positive","  12337.75"
"2012","1 years","Negative","1097109.65"
"2012","1 years","Positive","  17165.35"
"2012","2 years","Negative","1079970.16"
"2012","2 years","Positive","  22720.84"
"2012","3 years","Negative","1082279.18"
"2012","3 years","Positive","  27688.82"
"2012","4 years","Negative","1066095.51"
"2012","4 years","Positive","  29686.49"
"2012","5 - 9 years","Negative","4720327.5"
"2012","5 - 9 years","Positive"," 151613.5"
"2012","10 - 14 years","Negative","4337793.3"
"2012","10 - 14 years","Positive"," 117570.7"
"2012","15 - 19 years","Negative","4691269.5"
"2012","15 - 19 years","Positive"," 173786.5"
"2012","20 - 24 years","Negative","4621257.5"
"2012","20 - 24 years","Positive"," 631969.5"
"2012","25 - 29 years","Negative","4096892"
"2012","25 - 29 years","Positive","1137823"
"2012","30 - 34 years","Negative","3069120"
"2012","30 - 34 years","Positive","1195558"
"2012","35 - 39 years","Negative","2653271.4"
"2012","35 - 39 years","Positive"," 978924.6"
"2012","40 - 44 years","Negative","2374240.3"
"2012","40 - 44 years","Positive"," 698778.7"
"2012","45 - 49 years","Negative","2221975.4"
"2012","45 - 49 years","Positive"," 494407.6"
"2012","50 - 54 years","Negative","1980707.8"
"2012","50 - 54 years","Positive"," 319085.2"
"2012","55 - 59 years","Negative","1652126.5"
"2012","55 - 59 years","Positive"," 177851.5"
"2012","60 - 64 years","Negative","1308595.88"
"2012","60 - 64 years","Positive","  83514.12"
"2012","65 - 69 years","Negative","944228.42"
"2012","65 - 69 years","Positive"," 30515.98"
"2012","70 - 74 years","Negative","743160.33"
"2012","70 - 74 years","Positive"," 10184.17"
"2012","75 - 79 years","Negative","509266.612"
"2012","75 - 79 years","Positive","  2793.288"
"2012","80 - 84 years","Negative","325255.8282"
"2012","80 - 84 years","Positive","   693.5718"
"2012","85 - 89 years","Negative","156403.9023"
"2012","85 - 89 years","Positive","   153.8577"
"2012","90+ years","Negative","72955.91883"
"2012","90+ years","Positive","   39.58117"
"2013","0 years","Negative","1139192.81"
"2013","0 years","Positive","  11239.19"
"2013","1 years","Negative","1111159.13"
"2013","1 years","Positive","  15889.87"
"2013","2 years","Negative","1089427.68"
"2013","2 years","Positive","  18942.32"
"2013","3 years","Negative","1074645.06"
"2013","3 years","Positive","  22770.94"
"2013","4 years","Negative","1077679.78"
"2013","4 years","Positive","  27261.22"
"2013","5 - 9 years","Negative","4918340.3"
"2013","5 - 9 years","Positive"," 150967.7"
"2013","10 - 14 years","Negative","4308659.3"
"2013","10 - 14 years","Positive"," 125931.7"
"2013","15 - 19 years","Negative","4625273.1"
"2013","15 - 19 years","Positive"," 179372.9"
"2013","20 - 24 years","Negative","4603529"
"2013","20 - 24 years","Positive"," 602330"
"2013","25 - 29 years","Negative","4200474"
"2013","25 - 29 years","Positive","1111641"
"2013","30 - 34 years","Negative","3212601"
"2013","30 - 34 years","Positive","1248041"
"2013","35 - 39 years","Negative","2662510"
"2013","35 - 39 years","Positive","1036641"
"2013","40 - 44 years","Negative","2401093.6"
"2013","40 - 44 years","Positive"," 755617.4"
"2013","45 - 49 years","Negative","2218389.5"
"2013","45 - 49 years","Positive"," 530405.5"
"2013","50 - 54 years","Negative","2012179.4"
"2013","50 - 54 years","Positive"," 351469.6"
"2013","55 - 59 years","Negative","1692553.3"
"2013","55 - 59 years","Positive"," 201004.7"
"2013","60 - 64 years","Negative","1348395.64"
"2013","60 - 64 years","Positive","  97332.36"
"2013","65 - 69 years","Negative","981152.82"
"2013","65 - 69 years","Positive"," 37164.58"
"2013","70 - 74 years","Negative","742302.32"
"2013","70 - 74 years","Positive"," 12174.98"
"2013","75 - 79 years","Negative","525385.472"
"2013","75 - 79 years","Positive","  3493.528"
"2013","80 - 84 years","Negative","328028.8459"
"2013","80 - 84 years","Positive","   833.7541"
"2013","85 - 89 years","Negative","164416.6682"
"2013","85 - 89 years","Positive","   184.9218"
"2013","90+ years","Negative","73504.73169"
"2013","90+ years","Positive","   42.36831"
"2014","0 years","Negative","1146211.595"
"2014","0 years","Positive","   9974.405"
"2014","1 years","Negative","1121390"
"2014","1 years","Positive","  15162"
"2014","2 years","Negative","1103406.48"
"2014","2 years","Positive","  17843.52"
"2014","3 years","Negative","1084127.86"
"2014","3 years","Positive","  19101.14"
"2014","4 years","Negative","1070068.83"
"2014","4 years","Positive","  22464.17"
"2014","5 - 9 years","Negative","5098867.2"
"2014","5 - 9 years","Positive"," 147701.8"
"2014","10 - 14 years","Negative","4331350.7"
"2014","10 - 14 years","Positive"," 132684.3"
"2014","15 - 19 years","Negative","4550972.6"
"2014","15 - 19 years","Positive"," 185292.4"
"2014","20 - 24 years","Negative","4578100.1"
"2014","20 - 24 years","Positive"," 574735.9"
"2014","25 - 29 years","Negative","4276849"
"2014","25 - 29 years","Positive","1074840"
"2014","30 - 34 years","Negative","3376800"
"2014","30 - 34 years","Positive","1291478"
"2014","35 - 39 years","Negative","2679929"
"2014","35 - 39 years","Positive","1093154"
"2014","40 - 44 years","Negative","2434772.1"
"2014","40 - 44 years","Positive"," 817203.9"
"2014","45 - 49 years","Negative","2211919.6"
"2014","45 - 49 years","Positive"," 567821.4"
"2014","50 - 54 years","Negative","2040021.7"
"2014","50 - 54 years","Positive"," 385508.3"
"2014","55 - 59 years","Negative","1731712.4"
"2014","55 - 59 years","Positive"," 226054.6"
"2014","60 - 64 years","Negative","1386181.1"
"2014","60 - 64 years","Positive"," 112699.9"
"2014","65 - 69 years","Negative","1023373.55"
"2014","65 - 69 years","Positive","  45097.35"
"2014","70 - 74 years","Negative","741059.89"
"2014","70 - 74 years","Positive"," 14582.21"
"2014","75 - 79 years","Negative","541861.051"
"2014","75 - 79 years","Positive","  4362.049"
"2014","80 - 84 years","Negative","329985.548"
"2014","80 - 84 years","Positive","  1011.752"
"2014","85 - 89 years","Negative","172558.6626"
"2014","85 - 89 years","Positive","   224.5574"
"2014","90+ years","Negative","74132.21025"
"2014","90+ years","Positive","   46.08975"
"2015","0 years","Negative","1145665.098"
"2015","0 years","Positive","   7730.902"
"2015","1 years","Negative","1128817.85"
"2015","1 years","Positive","  13937.15"
"2015","2 years","Negative","1113711.38"
"2015","2 years","Positive","  17118.62"
"2015","3 years","Negative","1098080.47"
"2015","3 years","Positive","  18048.53"
"2015","4 years","Negative","1079544.26"
"2015","4 years","Positive","  18865.74"
"2015","5 - 9 years","Negative","5203907.9"
"2015","5 - 9 years","Positive"," 137914.1"
"2015","10 - 14 years","Negative","4420136.2"
"2015","10 - 14 years","Positive"," 138883.8"
"2015","15 - 19 years","Negative","4490733.8"
"2015","15 - 19 years","Positive"," 191383.2"
"2015","20 - 24 years","Negative","4548151.8"
"2015","20 - 24 years","Positive"," 549077.2"
"2015","25 - 29 years","Negative","4333992"
"2015","25 - 29 years","Positive","1031111"
"2015","30 - 34 years","Negative","3542947"
"2015","30 - 34 years","Positive","1318680"
"2015","35 - 39 years","Negative","2720237"
"2015","35 - 39 years","Positive","1149901"
"2015","40 - 44 years","Negative","2467546.6"
"2015","40 - 44 years","Positive"," 880099.4"
"2015","45 - 49 years","Negative","2209804.6"
"2015","45 - 49 years","Positive"," 607809.4"
"2015","50 - 54 years","Negative","2062422.8"
"2015","50 - 54 years","Positive"," 420239.2"
"2015","55 - 59 years","Negative","1768942.3"
"2015","55 - 59 years","Positive"," 252646.7"
"2015","60 - 64 years","Negative","1423352.5"
"2015","60 - 64 years","Positive"," 129601.5"
"2015","65 - 69 years","Negative","1066163.39"
"2015","65 - 69 years","Positive","  54204.81"
"2015","70 - 74 years","Negative","745398.16"
"2015","70 - 74 years","Positive"," 17575.84"
"2015","75 - 79 years","Negative","555173.484"
"2015","75 - 79 years","Positive","  5389.716"
"2015","80 - 84 years","Negative","333166.66"
"2015","80 - 84 years","Positive","  1241.74"
"2015","85 - 89 years","Negative","179290.5372"
"2015","85 - 89 years","Positive","   272.5028"
"2015","90+ years","Negative","75423.83509"
"2015","90+ years","Positive","   51.36491"
"2016","0 years","Negative","1139325.866"
"2016","0 years","Positive","   6714.134"
"2016","1 years","Negative","1129162.01"
"2016","1 years","Positive","  11402.99"
"2016","2 years","Negative","1121415.93"
"2016","2 years","Positive","  15792.07"
"2016","3 years","Negative","1108425.43"
"2016","3 years","Positive","  17342.57"
"2016","4 years","Negative","1093488.55"
"2016","4 years","Positive","  17854.45"
"2016","5 - 9 years","Negative","5284629.3"
"2016","5 - 9 years","Positive"," 125074.7"
"2016","10 - 14 years","Negative","4556363.9"
"2016","10 - 14 years","Positive"," 143266.1"
"2016","15 - 19 years","Negative","4429678.7"
"2016","15 - 19 years","Positive"," 196485.3"
"2016","20 - 24 years","Negative","4517549.9"
"2016","20 - 24 years","Positive"," 524692.1"
"2016","25 - 29 years","Negative","4360994"
"2016","25 - 29 years","Positive"," 981286"
"2016","30 - 34 years","Negative","3709534"
"2016","30 - 34 years","Positive","1328886"
"2016","35 - 39 years","Negative","2793017"
"2016","35 - 39 years","Positive","1208396"
"2016","40 - 44 years","Negative","2493981.2"
"2016","40 - 44 years","Positive"," 942348.8"
"2016","45 - 49 years","Negative","2216349.1"
"2016","45 - 49 years","Positive"," 652250.9"
"2016","50 - 54 years","Negative","2078127.6"
"2016","50 - 54 years","Positive"," 455570.4"
"2016","55 - 59 years","Negative","1803404.5"
"2016","55 - 59 years","Positive"," 280882.5"
"2016","60 - 64 years","Negative","1460579.2"
"2016","60 - 64 years","Positive"," 148246.8"
"2016","65 - 69 years","Negative","1106318.54"
"2016","65 - 69 years","Positive","  64484.66"
"2016","70 - 74 years","Negative","758808.3"
"2016","70 - 74 years","Positive"," 21375.5"
"2016","75 - 79 years","Negative","563387.221"
"2016","75 - 79 years","Positive","  6584.879"
"2016","80 - 84 years","Negative","338759.724"
"2016","80 - 84 years","Positive","  1543.376"
"2016","85 - 89 years","Negative","183889.481"
"2016","85 - 89 years","Positive","   329.979"
"2016","90+ years","Negative","77552.5608"
"2016","90+ years","Positive","   58.9392"
"2017","0 years","Negative","1109545.932"
"2017","0 years","Positive","   5516.068"
"2017","1 years","Negative","1123570.23"
"2017","1 years","Positive","  10124.77"
"2017","2 years","Negative","1122301.28"
"2017","2 years","Positive","  13105.72"
"2017","3 years","Negative","1116628.8"
"2017","3 years","Positive","  16034.2"
"2017","4 years","Negative","1104375.1"
"2017","4 years","Positive","  17194.9"
"2017","5 - 9 years","Negative","5345574.5"
"2017","5 - 9 years","Positive"," 112744.5"
"2017","10 - 14 years","Negative","4721224.4"
"2017","10 - 14 years","Positive"," 144955.6"
"2017","15 - 19 years","Negative","4355044.4"
"2017","15 - 19 years","Positive"," 198697.6"
"2017","20 - 24 years","Negative","4500451.4"
"2017","20 - 24 years","Positive"," 501377.6"
"2017","25 - 29 years","Negative","4373871.7"
"2017","25 - 29 years","Positive"," 927980.3"
"2017","30 - 34 years","Negative","3848507"
"2017","30 - 34 years","Positive","1317037"
"2017","35 - 39 years","Negative","2901205"
"2017","35 - 39 years","Positive","1266565"
"2017","40 - 44 years","Negative","2511269"
"2017","40 - 44 years","Positive","1001490"
"2017","45 - 49 years","Negative","2234081"
"2017","45 - 49 years","Positive"," 702056"
"2017","50 - 54 years","Negative","2084205.9"
"2017","50 - 54 years","Positive"," 490667.1"
"2017","55 - 59 years","Negative","1834698.1"
"2017","55 - 59 years","Positive"," 310651.9"
"2017","60 - 64 years","Negative","1497250.3"
"2017","60 - 64 years","Positive"," 168587.7"
"2017","65 - 69 years","Negative","1142973.71"
"2017","65 - 69 years","Positive","  75938.89"
"2017","70 - 74 years","Negative","782011.59"
"2017","70 - 74 years","Positive"," 26150.61"
"2017","75 - 79 years","Negative","565905.704"
"2017","75 - 79 years","Positive","  7959.596"
"2017","80 - 84 years","Negative","347076.571"
"2017","80 - 84 years","Positive","  1936.929"
"2017","85 - 89 years","Negative","186173.3608"
"2017","85 - 89 years","Positive","   398.6692"
"2017","90+ years","Negative","80372.71987"
"2017","90+ years","Positive","   69.38013"
"2018","0 years","Negative","1112809.404"
"2018","0 years","Positive","   4987.596"
"2018","1 years","Negative","1094809.533"
"2018","1 years","Positive","   8472.467"
"2018","2 years","Negative","1117014.24"
"2018","2 years","Positive","  11620.76"
"2018","3 years","Negative","1117595.42"
"2018","3 years","Positive","  13319.58"
"2018","4 years","Negative","1112580.53"
"2018","4 years","Positive","  15902.47"
"2018","5 - 9 years","Negative","5385223.5"
"2018","5 - 9 years","Positive"," 101069.5"
"2018","10 - 14 years","Negative","4917446.1"
"2018","10 - 14 years","Positive"," 144788.9"
"2018","15 - 19 years","Negative","4325198.6"
"2018","15 - 19 years","Positive"," 200180.4"
"2018","20 - 24 years","Negative","4456640.2"
"2018","20 - 24 years","Positive"," 476456.8"
"2018","25 - 29 years","Negative","4379291.5"
"2018","25 - 29 years","Positive"," 872873.5"
"2018","30 - 34 years","Negative","3961682"
"2018","30 - 34 years","Positive","1284942"
"2018","35 - 39 years","Negative","3043073"
"2018","35 - 39 years","Positive","1320161"
"2018","40 - 44 years","Negative","2525795"
"2018","40 - 44 years","Positive","1056931"
"2018","45 - 49 years","Negative","2263438.1"
"2018","45 - 49 years","Positive"," 756904.9"
"2018","50 - 54 years","Negative","2082935.2"
"2018","50 - 54 years","Positive"," 525323.8"
"2018","55 - 59 years","Negative","1864267.3"
"2018","55 - 59 years","Positive"," 341766.7"
"2018","60 - 64 years","Negative","1533307.3"
"2018","60 - 64 years","Positive"," 190409.7"
"2018","65 - 69 years","Negative","1177209.81"
"2018","65 - 69 years","Positive","  88551.59"
"2018","70 - 74 years","Negative","812504.7"
"2018","70 - 74 years","Positive"," 31937.0"
"2018","75 - 79 years","Negative","564646.366"
"2018","75 - 79 years","Positive","  9549.834"
"2018","80 - 84 years","Negative","357483.71"
"2018","80 - 84 years","Positive","  2436.59"
"2018","85 - 89 years","Negative","187084.1662"
"2018","85 - 89 years","Positive","   482.3338"
"2018","90+ years","Negative","83476.85919"
"2018","90+ years","Positive","   82.94081"
"2019","0 years","Negative","1114816.169"
"2019","0 years","Positive","   4541.831"
"2019","1 years","Negative","1098470.511"
"2019","1 years","Positive","   7676.489"
"2019","2 years","Negative","1088453.878"
"2019","2 years","Positive","   9763.122"
"2019","3 years","Negative","1112051.67"
"2019","3 years","Positive","  11800.33"
"2019","4 years","Negative","1113156.32"
"2019","4 years","Positive","  13200.68"
"2019","5 - 9 years","Negative","5420319.36"
"2019","5 - 9 years","Positive","  90322.64"
"2019","10 - 14 years","Negative","5098604.3"
"2019","10 - 14 years","Positive"," 142279.7"
"2019","15 - 19 years","Negative","4353080.4"
"2019","15 - 19 years","Positive"," 201257.6"
"2019","20 - 24 years","Negative","4409524.2"
"2019","20 - 24 years","Positive"," 452302.8"
"2019","25 - 29 years","Negative","4381326.8"
"2019","25 - 29 years","Positive"," 818725.2"
"2019","30 - 34 years","Negative","4052944"
"2019","30 - 34 years","Positive","1238748"
"2019","35 - 39 years","Negative","3207025"
"2019","35 - 39 years","Positive","1364218"
"2019","40 - 44 years","Negative","2548023"
"2019","40 - 44 years","Positive","1110950"
"2019","45 - 49 years","Negative","2299720.6"
"2019","45 - 49 years","Positive"," 815997.4"
"2019","50 - 54 years","Negative","2079610.8"
"2019","50 - 54 years","Positive"," 561027.2"
"2019","55 - 59 years","Negative","1891271.2"
"2019","55 - 59 years","Positive"," 374220.8"
"2019","60 - 64 years","Negative","1568594.2"
"2019","60 - 64 years","Positive"," 213808.8"
"2019","65 - 69 years","Negative","1209797.4"
"2019","65 - 69 years","Positive"," 102447.3"
"2019","70 - 74 years","Negative","847048.08"
"2019","70 - 74 years","Positive"," 38773.02"
"2019","75 - 79 years","Negative","563327.91"
"2019","75 - 79 years","Positive"," 11456.79"
"2019","80 - 84 years","Negative","368157.71"
"2019","80 - 84 years","Positive","  3051.59"
"2019","85 - 89 years","Negative","187864.2861"
"2019","85 - 89 years","Positive","   588.3339"
"2019","90+ years","Negative","86445.52375"
"2019","90+ years","Positive","   99.97625"
